filename,label,verdict,confidence
f1.mp4,0.9908932,FAKE,98.2%
f2.mp4,0.93279505,FAKE,86.6%
f3.mp4,0.9941473,FAKE,98.8%
f4.mp4,0.98210835,FAKE,96.4%
r1.mp4,0.023867218,REAL,95.2%
r2.mp4,0.15550552,REAL,68.9%
r3.mp4,0.016229033,REAL,96.8%
r4.mp4,0.029776802,REAL,94.0%
