filename,label
f1.mp4,0.9908932
f2.mp4,0.93279505
f3.mp4,0.9941473
f4.mp4,0.98210835
r1.mp4,0.023867218
r2.mp4,0.15550552
r3.mp4,0.016229033
r4.mp4,0.029776802
